USE petfoster_2
GO
INSERT [dbo].[pet_imgs] ( [name_img], [pet_id]) VALUES (N'imgpet0001.jpg', N'P0001')
INSERT [dbo].[pet_imgs] ( [name_img], [pet_id]) VALUES (N'imgpet0002.jpg', N'P0002')
INSERT [dbo].[pet_imgs] ( [name_img], [pet_id]) VALUES (N'imgpet0003.jpg', N'P0003')
INSERT [dbo].[pet_imgs] ( [name_img], [pet_id]) VALUES (N'imgpet0004.jpg', N'P0004')
INSERT [dbo].[pet_imgs] ( [name_img], [pet_id]) VALUES (N'imgpet0005.jpg', N'P0005')
INSERT [dbo].[pet_imgs] ( [name_img], [pet_id]) VALUES (N'imgpet0006.jpg', N'P0006')
INSERT [dbo].[pet_imgs] ( [name_img], [pet_id]) VALUES (N'imgpet0007.jpg', N'P0007')
INSERT [dbo].[pet_imgs] ( [name_img], [pet_id]) VALUES (N'imgpet0008.png', N'P0008')
INSERT [dbo].[pet_imgs] ( [name_img], [pet_id]) VALUES (N'imgpet0009.jpg', N'P0009')
INSERT [dbo].[pet_imgs] ( [name_img], [pet_id]) VALUES (N'imgpet0010.jpg', N'P0010')
INSERT [dbo].[pet_imgs] ( [name_img], [pet_id]) VALUES (N'imgpet0011.jpg', N'P0011')
INSERT [dbo].[pet_imgs] ( [name_img], [pet_id]) VALUES (N'imgpet0012.jpg', N'P0012')
INSERT [dbo].[pet_imgs] ( [name_img], [pet_id]) VALUES (N'imgpet0013.jpg', N'P0013')
INSERT [dbo].[pet_imgs] ( [name_img], [pet_id]) VALUES (N'imgpet0014.jpg', N'P0014')
INSERT [dbo].[pet_imgs] ( [name_img], [pet_id]) VALUES (N'imgpet0015.jpg', N'P0015')
INSERT [dbo].[pet_imgs] ( [name_img], [pet_id]) VALUES (N'imgpet0016.jpg', N'P0016')
INSERT [dbo].[pet_imgs] ( [name_img], [pet_id]) VALUES (N'imgpet0017.jpg', N'P0017')
INSERT [dbo].[pet_imgs] ( [name_img], [pet_id]) VALUES (N'imgpet0018.jpg', N'P0018')
INSERT [dbo].[pet_imgs] ( [name_img], [pet_id]) VALUES (N'imgpet0019.jpg', N'P0019')
INSERT [dbo].[pet_imgs] ( [name_img], [pet_id]) VALUES (N'imgpet0020.jpg', N'P0020')
INSERT [dbo].[pet_imgs] ( [name_img], [pet_id]) VALUES (N'imgpet0021.jpg', N'P0021')
INSERT [dbo].[pet_imgs] ( [name_img], [pet_id]) VALUES (N'imgpet0022.jpg', N'P0022')
INSERT [dbo].[pet_imgs] ( [name_img], [pet_id]) VALUES (N'imgpet0023.jpg', N'P0023')
INSERT [dbo].[pet_imgs] ( [name_img], [pet_id]) VALUES (N'imgpet0024.jpg', N'P0024')
INSERT [dbo].[pet_imgs] ( [name_img], [pet_id]) VALUES (N'imgpet0025.jpg', N'P0025')
INSERT [dbo].[pet_imgs] ( [name_img], [pet_id]) VALUES (N'imgpet0026.jpg', N'P0026')
INSERT [dbo].[pet_imgs] ( [name_img], [pet_id]) VALUES (N'imgpet0027.jpg', N'P0027')
INSERT [dbo].[pet_imgs] ( [name_img], [pet_id]) VALUES (N'imgpet0028.jpg', N'P0028')
INSERT [dbo].[pet_imgs] ( [name_img], [pet_id]) VALUES (N'imgpet0029.jpg', N'P0029')
INSERT [dbo].[pet_imgs] ( [name_img], [pet_id]) VALUES (N'imgpet0030.jpg', N'P0030')
INSERT [dbo].[pet_imgs] ( [name_img], [pet_id]) VALUES (N'imgpet0031.jpg', N'P0031')
INSERT [dbo].[pet_imgs] ( [name_img], [pet_id]) VALUES (N'imgpet0032.jpg', N'P0032')
INSERT [dbo].[pet_imgs] ( [name_img], [pet_id]) VALUES (N'imgpet0033.jpg', N'P0033')
INSERT [dbo].[pet_imgs] ( [name_img], [pet_id]) VALUES (N'imgpet0034.jpg', N'P0034')
INSERT [dbo].[pet_imgs] ( [name_img], [pet_id]) VALUES (N'imgpet0035.jpg', N'P0035')
INSERT [dbo].[pet_imgs] ( [name_img], [pet_id]) VALUES (N'imgpet0036.jpg', N'P0035')
GO
INSERT [dbo].[product_type] ([product_type_id], [product_type_name]) VALUES (N'BF001', N'Bird food')
INSERT [dbo].[product_type] ([product_type_id], [product_type_name]) VALUES (N'CF001', N'Cat food')
INSERT [dbo].[product_type] ([product_type_id], [product_type_name]) VALUES (N'DF001', N'Dog food')
INSERT [dbo].[product_type] ([product_type_id], [product_type_name]) VALUES (N'MF001', N'Mouse food')
INSERT [dbo].[product_type] ([product_type_id], [product_type_name]) VALUES (N'PA001', N'Pet accessories')
GO
INSERT [dbo].[product] ([product_id], [product_desc], [is_active], [product_name], [type_id]) VALUES (N'PD0001', N' Made from real fish.', 1, N'ME-O Tuna In Jelly', N'CF001')
INSERT [dbo].[product] ([product_id], [product_desc], [is_active], [product_name], [type_id]) VALUES (N'PD0002', N' Made from real fish.', 1, N'ME-O DELITE TUNA IN JELLY', N'CF001')
INSERT [dbo].[product] ([product_id], [product_desc], [is_active], [product_name], [type_id]) VALUES (N'PD0003', N' Made from real fish.', 1, N'ME-O GOLD PERSIAN', N'CF001')
INSERT [dbo].[product] ([product_id], [product_desc], [is_active], [product_name], [type_id]) VALUES (N'PD0004', N' Made from real fish.', 1, N'ME-O GOLD INDOOR', N'CF001')
INSERT [dbo].[product] ([product_id], [product_desc], [is_active], [product_name], [type_id]) VALUES (N'PD0005', N' Made from real fish.', 1, N'ME-O GOLD FIT & FIRM', N'CF001')
INSERT [dbo].[product] ([product_id], [product_desc], [is_active], [product_name], [type_id]) VALUES (N'PD0006', N' Made from real fish.', 1, N'ME-O DELITE TUNA WITH CRAB STICK IN JELLY', N'CF001')
INSERT [dbo].[product] ([product_id], [product_desc], [is_active], [product_name], [type_id]) VALUES (N'PD0007', N' Made from real fish.', 1, N'ME-O Tuna In Jelly', N'CF001')
INSERT [dbo].[product] ([product_id], [product_desc], [is_active], [product_name], [type_id]) VALUES (N'PD0008', N' Made from real fish.', 1, N'ME-O DELITE TUNA WITH CHICKEN FLAKE IN JELLY', N'CF001')
INSERT [dbo].[product] ([product_id], [product_desc], [is_active], [product_name], [type_id]) VALUES (N'PD0009', N' Made from real fish.', 1, N'SALMON FLAVOUR', N'CF001')
INSERT [dbo].[product] ([product_id], [product_desc], [is_active], [product_name], [type_id]) VALUES (N'PD0010', N' Made from real fish.', 1, N'ME-O Cat Tuna', N'CF001')
INSERT [dbo].[product] ([product_id], [product_desc], [is_active], [product_name], [type_id]) VALUES (N'PD0011', N' Made from real fish.', 1, N'ME-O Kitten Ocean Fish', N'CF001')
INSERT [dbo].[product] ([product_id], [product_desc], [is_active], [product_name], [type_id]) VALUES (N'PD0012', N' Made from real fish.', 1, N'ME-O Cat Mackerel Flavor', N'CF001')
INSERT [dbo].[product] ([product_id], [product_desc], [is_active], [product_name], [type_id]) VALUES (N'PD0013', N' Made from real fish.', 1, N'APRO I.Q. FORMULA', N'CF001')
INSERT [dbo].[product] ([product_id], [product_desc], [is_active], [product_name], [type_id]) VALUES (N'PD0014', N' Made from real fish.', 1, N'ME-O Creamy Treat Crab Flavor', N'CF001')
INSERT [dbo].[product] ([product_id], [product_desc], [is_active], [product_name], [type_id]) VALUES (N'PD0015', N' Made from real fish.', 1, N'ME-O Creamy Treat Bonito Flavor', N'CF001')
INSERT [dbo].[product] ([product_id], [product_desc], [is_active], [product_name], [type_id]) VALUES (N'PD0016', N' Made from real fish.', 1, N'ME-O Creamy Treat Bonito Flavor', N'CF001')
INSERT [dbo].[product] ([product_id], [product_desc], [is_active], [product_name], [type_id]) VALUES (N'PD0017', N' Made from real fish.', 1, N'ME-O GOLD FIT & FIRM', N'CF001')
INSERT [dbo].[product] ([product_id], [product_desc], [is_active], [product_name], [type_id]) VALUES (N'PD0018', N' Made from real fish.', 1, N'ME-O Cat Litter Lemon Scent', N'CF001')
INSERT [dbo].[product] ([product_id], [product_desc], [is_active], [product_name], [type_id]) VALUES (N'PD0019', N' Made from real fish.', 1, N'ME-O DELITE TUNA IN JELLY', N'CF001')
INSERT [dbo].[product] ([product_id], [product_desc], [is_active], [product_name], [type_id]) VALUES (N'PD0020', N' Made from real fish.', 1, N'Royal Canin Indoor Adult Dry Cat Food', N'CF001')
INSERT [dbo].[product] ([product_id], [product_desc], [is_active], [product_name], [type_id]) VALUES (N'PD0021', N'Nutrition for dogs.', 1, N'APRO I.Q. FORMULA', N'DF001')
INSERT [dbo].[product] ([product_id], [product_desc], [is_active], [product_name], [type_id]) VALUES (N'PD0022', N'Nutrition for dogs.', 1, N'ZOI DOG', N'DF001')
INSERT [dbo].[product] ([product_id], [product_desc], [is_active], [product_name], [type_id]) VALUES (N'PD0023', N'Nutrition for dogs.', 1, N'SMARTHEART CREAMY DOG TREATS CHICKEN & SPINACH', N'DF001')
INSERT [dbo].[product] ([product_id], [product_desc], [is_active], [product_name], [type_id]) VALUES (N'PD0024', N'Nutrition for dogs.', 1, N'SMARTHEART CREAMY DOG TREATS STRAWBERRY FLAVOR', N'DF001')
INSERT [dbo].[product] ([product_id], [product_desc], [is_active], [product_name], [type_id]) VALUES (N'PD0025', N'Nutrition for dogs.', 1, N'SMARTHEART CREAMY DOG TREATS CHICKEN & CARROT', N'DF001')
INSERT [dbo].[product] ([product_id], [product_desc], [is_active], [product_name], [type_id]) VALUES (N'PD0026', N'Nutrition for dogs.', 1, N'SMARTHEART CREAMY DOG TREATS CHICKEN & PUMPKIN', N'DF001')
INSERT [dbo].[product] ([product_id], [product_desc], [is_active], [product_name], [type_id]) VALUES (N'PD0027', N'Nutrition for dogs.', 1, N'Smartheart Puppy Power Pack', N'DF001')
INSERT [dbo].[product] ([product_id], [product_desc], [is_active], [product_name], [type_id]) VALUES (N'PD0028', N'Nutrition for dogs.', 1, N'Smartheart Adult Roast Beef Flavour', N'DF001')
INSERT [dbo].[product] ([product_id], [product_desc], [is_active], [product_name], [type_id]) VALUES (N'PD0029', N'Nutrition for dogs.', 1, N'Smartheart Small Breeds Roast Beef Flavor', N'DF001')
INSERT [dbo].[product] ([product_id], [product_desc], [is_active], [product_name], [type_id]) VALUES (N'PD0030', N'Nutrition for dogs.', 1, N'Smartheart Puppy Chicken Flavor Chunk In Gravy', N'DF001')
INSERT [dbo].[product] ([product_id], [product_desc], [is_active], [product_name], [type_id]) VALUES (N'PD0031', N'Enjoy for pet', 1, N'SWING MICROCHIP LARGE', N'PA001')
INSERT [dbo].[product] ([product_id], [product_desc], [is_active], [product_name], [type_id]) VALUES (N'PD0032', N'Enjoy for pet', 1, N'FEEDY', N'PA001')
INSERT [dbo].[product] ([product_id], [product_desc], [is_active], [product_name], [type_id]) VALUES (N'PD0033', N'Enjoy for pet', 1, N'ALTAIR', N'PA001')
INSERT [dbo].[product] ([product_id], [product_desc], [is_active], [product_name], [type_id]) VALUES (N'PD0034', N'Enjoy for pet', 1, N'CLIP 5708 SMALL', N'PA001')
INSERT [dbo].[product] ([product_id], [product_desc], [is_active], [product_name], [type_id]) VALUES (N'PD0035', N'Enjoy for pet', 1, N'SOFA'' TWEED', N'PA001')
INSERT [dbo].[product] ([product_id], [product_desc], [is_active], [product_name], [type_id]) VALUES (N'PD0036', N'Enjoy for pet', 1, N'GRO 5955', N'PA001')
INSERT [dbo].[product] ([product_id], [product_desc], [is_active], [product_name], [type_id]) VALUES (N'PD0037', N'Enjoy for pet', 1, N'CHAMPION P', N'PA001')
INSERT [dbo].[product] ([product_id], [product_desc], [is_active], [product_name], [type_id]) VALUES (N'PD0038', N'Enjoy for pet', 1, N'KONYA', N'PA001')
INSERT [dbo].[product] ([product_id], [product_desc], [is_active], [product_name], [type_id]) VALUES (N'PD0039', N'Enjoy for pet', 1, N'ATLAS PADDED CUSHION', N'PA001')
INSERT [dbo].[product] ([product_id], [product_desc], [is_active], [product_name], [type_id]) VALUES (N'PD0040', N'Enjoy for pet', 1, N'PETVILLA 60', N'PA001')
GO
INSERT [dbo].[imgs] ( [name_img], [product_id]) VALUES (N'imgproduct0001.png', N'PD0001')
INSERT [dbo].[imgs] ( [name_img], [product_id]) VALUES (N'imgproduct0002.png', N'PD0002')
INSERT [dbo].[imgs] ( [name_img], [product_id]) VALUES (N'imgproduct0003.png', N'PD0003')
INSERT [dbo].[imgs] ( [name_img], [product_id]) VALUES (N'imgproduct0004.png', N'PD0004')
INSERT [dbo].[imgs] ( [name_img], [product_id]) VALUES (N'imgproduct0005.png', N'PD0005')
INSERT [dbo].[imgs] ( [name_img], [product_id]) VALUES (N'imgproduct0006.png', N'PD0006')
INSERT [dbo].[imgs] ( [name_img], [product_id]) VALUES (N'imgproduct0007.png', N'PD0007')
INSERT [dbo].[imgs] ( [name_img], [product_id]) VALUES (N'imgproduct0008.png', N'PD0008')
INSERT [dbo].[imgs] ( [name_img], [product_id]) VALUES (N'imgproduct0009.png', N'PD0009')
INSERT [dbo].[imgs] ( [name_img], [product_id]) VALUES (N'imgproduct0010.png', N'PD0010')
INSERT [dbo].[imgs] ( [name_img], [product_id]) VALUES (N'imgproduct0011.png', N'PD0011')
INSERT [dbo].[imgs] ( [name_img], [product_id]) VALUES (N'imgproduct0012.png', N'PD0012')
INSERT [dbo].[imgs] ( [name_img], [product_id]) VALUES (N'imgproduct0013.png', N'PD0013')
INSERT [dbo].[imgs] ( [name_img], [product_id]) VALUES (N'imgproduct0014.jpg', N'PD0014')
INSERT [dbo].[imgs] ( [name_img], [product_id]) VALUES (N'imgproduct0015.jpg', N'PD0015')
INSERT [dbo].[imgs] ( [name_img], [product_id]) VALUES (N'imgproduct0016.jpg', N'PD0016')
INSERT [dbo].[imgs] ( [name_img], [product_id]) VALUES (N'imgproduct0017.jpg', N'PD0017')
INSERT [dbo].[imgs] ( [name_img], [product_id]) VALUES (N'imgproduct0018.png', N'PD0018')
INSERT [dbo].[imgs] ( [name_img], [product_id]) VALUES (N'imgproduct0019.png', N'PD0019')
INSERT [dbo].[imgs] ( [name_img], [product_id]) VALUES (N'imgproduct0020.jpg', N'PD0020')
INSERT [dbo].[imgs] ( [name_img], [product_id]) VALUES (N'imgproduct0021.png', N'PD0021')
INSERT [dbo].[imgs] ( [name_img], [product_id]) VALUES (N'imgproduct00022.png', N'PD0022')
INSERT [dbo].[imgs] ( [name_img], [product_id]) VALUES (N'imgproduct0023.png', N'PD0023')
INSERT [dbo].[imgs] ( [name_img], [product_id]) VALUES (N'imgproduct0024.png', N'PD0024')
INSERT [dbo].[imgs] ( [name_img], [product_id]) VALUES (N'imgproduct0025.png', N'PD0025')
INSERT [dbo].[imgs] ( [name_img], [product_id]) VALUES (N'imgproduct0026.png', N'PD0026')
INSERT [dbo].[imgs] ( [name_img], [product_id]) VALUES (N'imgproduct0027.png', N'PD0027')
INSERT [dbo].[imgs] ( [name_img], [product_id]) VALUES (N'imgproduct0028.png', N'PD0028')
INSERT [dbo].[imgs] ( [name_img], [product_id]) VALUES (N'imgproduct0029.png', N'PD0029')
INSERT [dbo].[imgs] ( [name_img], [product_id]) VALUES (N'imgproduct0030.png', N'PD0030')
INSERT [dbo].[imgs] ( [name_img], [product_id]) VALUES (N'imgproduct0031.png', N'PD0031')
INSERT [dbo].[imgs] ( [name_img], [product_id]) VALUES (N'imgproduct0032.jpg', N'PD0032')
INSERT [dbo].[imgs] ( [name_img], [product_id]) VALUES (N'imgproduct0033.jpg', N'PD0033')
INSERT [dbo].[imgs] ( [name_img], [product_id]) VALUES (N'imgproduct0034.jpg', N'PD0034')
INSERT [dbo].[imgs] ( [name_img], [product_id]) VALUES (N'imgproduct0035.jpg', N'PD0035')
INSERT [dbo].[imgs] ( [name_img], [product_id]) VALUES (N'imgproduct0036.jpg', N'PD0036')
INSERT [dbo].[imgs] ( [name_img], [product_id]) VALUES (N'imgproduct0037.jpg', N'PD0037')
INSERT [dbo].[imgs] ( [name_img], [product_id]) VALUES (N'imgproduct0038.jpg', N'PD0038')
INSERT [dbo].[imgs] ( [name_img], [product_id]) VALUES (N'imgproduct0039.jpg', N'PD0039')
INSERT [dbo].[imgs] ( [name_img], [product_id]) VALUES (N'imgproduct0040.jpg', N'PD0040')
GO
INSERT [dbo].[users] ([user_id], [avatar], [birthday], [create_at], [display_name], [email], [fullname], [gender], [is_active], [is_email_verified], [password], [phone], [provider], [token], [token_create_at], [username], [uuid]) VALUES (N'duynq', N'noavatar', CAST(N'2001-01-01T00:00:00.0000000' AS DateTime2), NULL, N'duynq', N'duynqpc04918@fpt.edu.vn', N'Nguyen Quoc Duy', 1, 1, 1, N'123', N'0908976654', N'Tra Vinh', NULL, NULL, N'duynq', NULL)
INSERT [dbo].[users] ([user_id], [avatar], [birthday], [create_at], [display_name], [email], [fullname], [gender], [is_active], [is_email_verified], [password], [phone], [provider], [token], [token_create_at], [username], [uuid]) VALUES (N'hantl', N'noavatar', CAST(N'2001-01-01T00:00:00.0000000' AS DateTime2), NULL, N'hantl', N'hantlpc04927@fpt.edu.vn', N'Nguyen Thi Lam Ha', 0, 1, 1, N'123', N'0908976654', N'Can Tho', NULL, NULL, N'hantl', NULL)
INSERT [dbo].[users] ([user_id], [avatar], [birthday], [create_at], [display_name], [email], [fullname], [gender], [is_active], [is_email_verified], [password], [phone], [provider], [token], [token_create_at], [username], [uuid]) VALUES (N'khangpn', N'noavatar', CAST(N'2001-01-01T00:00:00.0000000' AS DateTime2), NULL, N'khangpn', N'khangpnpc04910@fpt.edu.vn', N'Pham Nhut Khang', 1, 1, 1, N'123', N'0908976654', N'Can Tho', NULL, NULL, N'khangpn', NULL)
GO
INSERT [dbo].[favorite] ([pet_id], [user_id]) VALUES (N'P0001', N'duynq')
INSERT [dbo].[favorite] ([pet_id], [user_id]) VALUES (N'P0001', N'hantl')
INSERT [dbo].[favorite] ([pet_id], [user_id]) VALUES (N'P0001', N'khangpn')
INSERT [dbo].[favorite] ([pet_id], [user_id]) VALUES (N'P0002', N'duynq')
INSERT [dbo].[favorite] ([pet_id], [user_id]) VALUES (N'P0003', N'duynq')
INSERT [dbo].[favorite] ([pet_id], [user_id]) VALUES (N'P0004', N'duynq')
INSERT [dbo].[favorite] ([pet_id], [user_id]) VALUES (N'P0005', N'duynq')
INSERT [dbo].[favorite] ([pet_id], [user_id]) VALUES (N'P0006', N'duynq')
INSERT [dbo].[favorite] ([pet_id], [user_id]) VALUES (N'P0007', N'duynq')
INSERT [dbo].[favorite] ([pet_id], [user_id]) VALUES (N'P0008', N'duynq')
INSERT [dbo].[favorite] ([pet_id], [user_id]) VALUES (N'P0009', N'duynq')
GO
INSERT [dbo].[adopt] ( [adopt_at], [register_at], [status], [pet_id], [user_id]) VALUES (CAST(N'2023-10-07T00:00:00.0000000' AS DateTime2), CAST(N'2023-09-07T00:00:00.0000000' AS DateTime2), N'Adopted', N'P0031', N'duynq')
INSERT [dbo].[adopt] ( [adopt_at], [register_at], [status], [pet_id], [user_id]) VALUES (CAST(N'2023-10-07T00:00:00.0000000' AS DateTime2), CAST(N'2023-09-07T00:00:00.0000000' AS DateTime2), N'Adopted', N'P0032', N'hantl')
INSERT [dbo].[adopt] ( [adopt_at], [register_at], [status], [pet_id], [user_id]) VALUES (CAST(N'2023-10-07T00:00:00.0000000' AS DateTime2), CAST(N'2023-09-07T00:00:00.0000000' AS DateTime2), N'Adopted', N'P0033', N'khangpn')
INSERT [dbo].[adopt] ( [adopt_at], [register_at], [status], [pet_id], [user_id]) VALUES (CAST(N'2023-10-07T00:00:00.0000000' AS DateTime2), CAST(N'2023-09-07T00:00:00.0000000' AS DateTime2), N'Adopted', N'P0034', N'duynq')
INSERT [dbo].[adopt] ( [adopt_at], [register_at], [status], [pet_id], [user_id]) VALUES (CAST(N'2023-10-07T00:00:00.0000000' AS DateTime2), CAST(N'2023-09-07T00:00:00.0000000' AS DateTime2), N'Adopted', N'P0035', N'duynq')
INSERT [dbo].[adopt] ( [adopt_at], [register_at], [status], [pet_id], [user_id]) VALUES (CAST(N'2023-10-07T00:00:00.0000000' AS DateTime2), CAST(N'2023-09-07T00:00:00.0000000' AS DateTime2), N'Awaiting adoption', N'P0026', N'duynq')
INSERT [dbo].[adopt] ( [adopt_at], [register_at], [status], [pet_id], [user_id]) VALUES (CAST(N'2023-10-07T00:00:00.0000000' AS DateTime2), CAST(N'2023-09-07T00:00:00.0000000' AS DateTime2), N'Awaiting adoption', N'P0027', N'duynq')
INSERT [dbo].[adopt] ( [adopt_at], [register_at], [status], [pet_id], [user_id]) VALUES (CAST(N'2023-10-07T00:00:00.0000000' AS DateTime2), CAST(N'2023-09-07T00:00:00.0000000' AS DateTime2), N'Awaiting adoption', N'P0028', N'duynq')
INSERT [dbo].[adopt] ( [adopt_at], [register_at], [status], [pet_id], [user_id]) VALUES (CAST(N'2023-10-07T00:00:00.0000000' AS DateTime2), CAST(N'2023-09-07T00:00:00.0000000' AS DateTime2), N'Awaiting adoption', N'P0029', N'duynq')
INSERT [dbo].[adopt] ( [adopt_at], [register_at], [status], [pet_id], [user_id]) VALUES (CAST(N'2023-10-07T00:00:00.0000000' AS DateTime2), CAST(N'2023-09-07T00:00:00.0000000' AS DateTime2), N'Awaiting adoption', N'P0030', N'duynq')
